resp_id,site,Mig_status,Reason,hh_age,hh_size,dist2park,dist_mig,PA,new_dist
AMP005,Ampahitra,0,4,1,6,-1332,0,New,13.676
AMP007,Ampahitra,0,4,1,4,-1651,150.2,New,128.294
AMP011,Ampahitra,0,4,1,7,-1596,0,New,13.676
AMP018,Ampahitra,0,4,1,5,-2949,29.4,New,25.897
AMP022,Ampahitra,0,4,1,5,-1336,29.4,New,25.897
AMP060,Ampahitra,0,3,1,4,114,37.57,New,32.082
AMP096,Ampahitra,0,4,1,5,2424,29.4,New,25.897
AMP115,Ampahitra,0,3,1,3,518,33.41,New,35.878
AMP117,Ampahitra,0,3,1,4,419,61.53,New,66.002
AMP120,Ampahitra,0,6,1,5,1057,681.757,New,670.768
AMP140,Ampahitra,0,2,1,4,140,29.4,New,25.897
AMP154,Ampahitra,0,2,1,3,-1028,29.4,New,25.897
AMP166,Ampahitra,0,4,1,3,1324,0,New,13.676
AMP169,Ampahitra,0,4,1,6,2435,29.4,New,25.897
AMP172,Ampahitra,0,3,1,3,1314,0,New,13.676
AMP003,Ampahitra,0,4,2,8,-2713,29.4,New,25.897
AMP014,Ampahitra,0,5,2,7,-2390,37.57,New,32.082
AMP031,Ampahitra,0,4,2,4,-61,33.84,New,34.905
AMP038,Ampahitra,0,4,2,6,19,37.57,New,32.082
AMP042,Ampahitra,0,3,2,3,470,481.156,New,473.586
AMP059,Ampahitra,0,6,2,3,87,0,New,13.676
AMP068,Ampahitra,0,4,2,4,-48,29.4,New,25.897
AMP108,Ampahitra,0,4,2,6,321,18.4,New,21.029
AMP111,Ampahitra,0,5,2,3,-447,33.84,New,34.905
AMP134,Ampahitra,0,6,2,1,351,37.57,New,32.082
AMP153,Ampahitra,0,4,2,8,-170,29.4,New,25.897
AMP184,Ampahitra,0,4,2,5,979,29.4,New,25.897
AMP187,Ampahitra,0,5,2,4,1306,29.4,New,25.897
AMP199,Ampahitra,0,4,2,11,979,29.4,New,25.897
AMP016,Ampahitra,0,4,3,3,-1112,0,New,13.676
AMP092,Ampahitra,0,4,3,5,2424,18.4,New,21.029
AMP121,Ampahitra,0,4,3,7,908,29.4,New,25.897
AMP149,Ampahitra,0,4,3,3,-66,29.4,New,25.897
AMP156,Ampahitra,0,4,3,2,-1085,29.4,New,25.897
AMP180,Ampahitra,0,4,3,4,1017,29.4,New,25.897
AMP010,Ampahitra,0,4,4,8,-705,29.4,New,25.897
AMP051,Ampahitra,0,5,4,3,-491,37.57,New,32.082
AMP069,Ampahitra,0,4,4,2,2985,0,New,13.676
AMP070,Ampahitra,0,4,4,3,315,70.74,New,83.827
AMP106,Ampahitra,0,3,4,3,-414,0,New,13.676
AMP109,Ampahitra,0,4,4,3,518,671.33,New,657.72
AMP163,Ampahitra,0,4,4,6,-974,29.4,New,25.897
AMP170,Ampahitra,0,4,4,8,578,29.4,New,25.897
AMP171,Ampahitra,0,4,4,4,1330,29.4,New,25.897
AMP181,Ampahitra,0,4,4,5,994,29.4,New,25.897
AMP004,Ampahitra,0,4,5,6,-1279,29.4,New,25.897
AMP015,Ampahitra,0,4,5,12,-644,29.4,New,25.897
AMP020,Ampahitra,0,2,5,5,-772,29.4,New,25.897
AMP024,Ampahitra,0,4,5,1,-910,77.71,New,72.187
AMP029,Ampahitra,0,4,5,10,85,0,New,13.676
AMP063,Ampahitra,0,4,5,6,2161,0,New,13.676
AMP158,Ampahitra,0,4,5,4,-149,0,New,13.676
AMP167,Ampahitra,0,4,5,4,1026,29.4,New,25.897
AMP176,Ampahitra,0,4,5,5,971,29.4,New,25.897
AMP191,Ampahitra,0,6,5,6,1325,29.4,New,25.897
AMP025,Ampahitra,0,4,6,8,-1074,29.4,New,25.897
AMP035,Ampahitra,0,4,6,7,668,37.57,New,32.082
AMP040,Ampahitra,0,4,6,7,787,NA,New,NA
AMP136,Ampahitra,0,4,6,7,86,37.57,New,32.082
AMP150,Ampahitra,0,4,6,6,-1094,29.4,New,25.897
AMP157,Ampahitra,0,4,6,4,-2173,29.4,New,25.897
AMP160,Ampahitra,0,4,6,6,-1371,29.4,New,25.897
AMP177,Ampahitra,0,3,6,12,1087,29.4,New,25.897
AMP193,Ampahitra,0,4,6,7,1296,29.4,New,25.897
AMP019,Ampahitra,0,3,7,6,-1141,18.4,New,21.029
AMP039,Ampahitra,0,4,7,8,-998,29.4,New,25.897
AMP052,Ampahitra,0,6,7,6,120,425.84,New,425.646
AMP089,Ampahitra,0,4,7,5,3028,NA,New,NA
AMP090,Ampahitra,0,4,7,6,4033,0,New,13.676
AMP126,Ampahitra,0,4,7,5,79,18.4,New,21.029
AMP131,Ampahitra,0,5,7,6,25,61.53,New,66.002
AMP148,Ampahitra,0,4,7,6,-741,0,New,13.676
AMP159,Ampahitra,0,4,7,7,-1100,29.4,New,25.897
AMP164,Ampahitra,0,4,7,5,1801,29.4,New,25.897
AMP196,Ampahitra,0,4,7,10,2271,29.4,New,25.897
AMP001,Ampahitra,0,4,8,3,-1703,18.4,New,21.029
AMP030,Ampahitra,0,4,8,11,-52,47.013,New,43.215
AMP049,Ampahitra,0,5,8,7,94,0,New,13.676
AMP067,Ampahitra,0,4,8,5,2084,0,New,13.676
AMP104,Ampahitra,0,4,8,5,1442,0,New,13.676
AMP152,Ampahitra,0,4,8,3,-1042,29.4,New,25.897
AMP174,Ampahitra,0,4,8,5,2293,29.4,New,25.897
AMP182,Ampahitra,0,4,8,9,2322,29.4,New,25.897
AMP021,Ampahitra,0,4,9,10,-2408,29.4,New,25.897
AMP155,Ampahitra,0,4,9,7,-1081,29.4,New,25.897
AMP161,Ampahitra,0,4,9,5,-1372,29.4,New,25.897
AMP173,Ampahitra,0,4,9,6,2575,29.4,New,25.897
AMP203,Ampahitra,0,4,9,6,-970,29.4,New,25.897
AMP026,Ampahitra,0,4,10,11,-1410,29.4,New,25.897
AMP034,Ampahitra,0,4,10,4,-111,139.502,New,184.961
AMP037,Ampahitra,0,5,10,5,81,33.41,New,35.878
AMP081,Ampahitra,0,4,10,5,2483,39.46,New,40.663
AMP151,Ampahitra,0,4,10,8,-1087,29.4,New,25.897
AMP190,Ampahitra,0,4,10,8,3313,29.4,New,25.897
AMP192,Ampahitra,0,4,10,8,1255,29.4,New,25.897
AMP043,Ampahitra,0,4,11,5,146,33.41,New,35.878
AMP046,Ampahitra,0,5,11,5,-515,18.4,New,21.029
AMP057,Ampahitra,0,4,11,7,-75,33.41,New,35.878
AMP086,Ampahitra,0,3,11,10,2967,29.4,New,25.897
AMP188,Ampahitra,0,4,11,9,1321,29.4,New,25.897
AMP013,Ampahitra,0,4,12,8,-2134,85.86,New,85.553
AMP080,Ampahitra,0,5,12,5,2644,18.4,New,21.029
AMP091,Ampahitra,0,4,12,9,3170,0,New,13.676
AMP162,Ampahitra,0,4,12,10,-1058,29.4,New,25.897
AMP107,Ampahitra,0,3,13,5,-221,29.4,New,25.897
AMP133,Ampahitra,0,4,13,5,591,0,New,13.676
AMP175,Ampahitra,0,4,13,5,2940,29.4,New,25.897
AMP200,Ampahitra,0,4,13,7,-379,29.4,New,25.897
AMP202,Ampahitra,0,NA,13,7,291,0,New,13.676
AMP056,Ampahitra,0,4,14,2,238,18.4,New,21.029
AMP077,Ampahitra,0,5,14,3,1455,NA,New,NA
AMP078,Ampahitra,0,4,14,7,1104,NA,New,NA
AMP099,Ampahitra,0,5,14,8,2424,21.48,New,23.707
AMP179,Ampahitra,0,2,14,6,1882,29.4,New,25.897
AMP194,Ampahitra,0,4,14,6,1003,29.4,New,25.897
AMP002,Ampahitra,0,4,15,7,-2386,0,New,13.676
AMP112,Ampahitra,0,6,15,8,611,75.37,New,290.795
AMP130,Ampahitra,0,5,15,8,25,37.57,New,32.082
AMP201,Ampahitra,0,4,15,9,455,70.74,New,83.827
AMP036,Ampahitra,0,5,16,6,86,83.993,New,86.027
AMP178,Ampahitra,0,4,16,8,860,29.4,New,25.897
AMP183,Ampahitra,0,4,16,10,2271,29.4,New,25.897
AMP186,Ampahitra,0,4,16,14,1302,29.4,New,25.897
AMP189,Ampahitra,0,4,16,8,2298,29.4,New,25.897
AMP053,Ampahitra,0,6,18,10,-115,40.67,New,40.528
AMP165,Ampahitra,0,4,18,5,1655,29.4,New,25.897
AMP195,Ampahitra,0,4,18,10,-8,29.4,New,25.897
AMP197,Ampahitra,0,4,18,10,985,29.4,New,25.897
AMP198,Ampahitra,0,4,18,9,985,29.4,New,25.897
AMP028,Ampahitra,0,4,20,7,-76,18.4,New,21.029
AMP185,Ampahitra,0,4,20,5,1300,29.4,New,25.897
AMP064,Ampahitra,0,4,23,5,3904,0,New,13.676
AMP045,Ampahitra,0,4,24,3,74,164.68,New,170.528
AMP102,Ampahitra,0,4,25,8,2083,33.84,New,34.905
AMP142,Ampahitra,0,2,29,6,95,37.57,New,32.082
AMP055,Ampahitra,0,4,30,4,377,37.57,New,32.082
AMP073,Ampahitra,0,5,30,2,3934,NA,New,NA
AMP048,Ampahitra,0,6,33,10,-916,33.41,New,35.878
AMP017,Ampahitra,0,4,34,5,-1717,18.4,New,21.029
AMP033,Ampahitra,0,4,34,6,-186,18.4,New,21.029
AMP041,Ampahitra,0,2,39,7,-905,23.097,New,22.77
AMP132,Ampahitra,0,4,43,2,910,17.22,New,20.599
AMP023,Ampahitra,0,4,45,9,-293,29.4,New,25.897
AMF039,Amporoforo,0,3,1,6,18590,0,NA,3.808
AMF027,Amporoforo,0,3,2,4,18531,0,NA,3.808
AMF010,Amporoforo,0,4,7,3,16779,0,NA,3.808
AMF022,Amporoforo,0,6,7,7,16800,10.38,NA,9.21
AMF032,Amporoforo,0,3,7,4,18516,0,NA,3.808
AMF014,Amporoforo,0,3,10,6,16877,10.38,NA,9.21
AMF021,Amporoforo,0,3,10,2,16805,10.38,NA,9.21
AMF041,Amporoforo,0,3,10,4,18528,61.202,NA,61.605
AMF048,Amporoforo,0,3,10,5,18504,10.38,NA,9.21
AMF015,Amporoforo,0,3,12,5,16860,10.38,NA,9.21
AMF006,Amporoforo,0,4,15,4,16868,0,NA,43.6
VVE047,Mantadia,0,4,-100,1,1480,116.28,Established,112.706
VVE011,Mantadia,0,3,4,6,855,0,Established,4.783
VVE005,Mantadia,0,4,6,5,1409,18.22,Established,17.487
VVE006,Mantadia,0,3,10,4,1359,108.909,Established,94.513
VVE021,Mantadia,0,4,16,6,1367,22.04,Established,19.078
SAH012,Sahavazina,0,3,1,5,4441,0,New,4.556
SAH042,Sahavazina,0,3,1,3,6599,24.11,New,16.881
SAH083,Sahavazina,0,4,1,3,6337,24.11,New,16.881
SAH015,Sahavazina,0,2,2,2,4488,36.55,New,29.088
SAH080,Sahavazina,0,3,2,5,4464,20.54,New,19.594
SAH046,Sahavazina,0,2,3,3,4172,24.11,New,16.881
SAH073,Sahavazina,0,3,3,2,4460,0,New,4.556
SAH024,Sahavazina,0,3,4,4,6599,20.41,New,13.226
SAH030,Sahavazina,0,5,5,2,6650,NA,New,NA
SAH075,Sahavazina,0,3,6,5,4500,NA,New,NA
SAH007,Sahavazina,0,4,7,5,3119,0,New,4.556
SAH033,Sahavazina,0,6,8,2,6652,0,New,4.556
SAH064,Sahavazina,0,4,8,4,4209,24.11,New,16.881
SAH067,Sahavazina,0,6,8,7,4201,0,New,4.556
SAH059,Sahavazina,0,3,9,8,4159,NA,New,NA
SAH056,Sahavazina,0,3,10,3,4252,24.11,New,16.881
SAH060,Sahavazina,0,3,10,2,4206,20.41,New,13.226
SAH084,Sahavazina,0,4,12,6,6370,24.11,New,16.881
SAH048,Sahavazina,0,4,15,7,4261,0,New,4.556
SAH002,Sahavazina,0,4,18,8,3113,0,New,4.556
SAH009,Sahavazina,0,4,18,4,2929,29.28,New,22.676
SAH045,Sahavazina,0,4,18,8,4264,29.28,New,22.676
SAH026,Sahavazina,0,3,20,6,6656,NA,New,NA
SAH057,Sahavazina,0,5,20,7,4259,20.41,New,13.226
SAH068,Sahavazina,0,4,28,5,4201,20.54,New,19.594
SAH005,Sahavazina,0,3,30,2,2372,0,New,4.556
SAH018,Sahavazina,0,4,30,6,6655,20.54,New,19.594
SAH032,Sahavazina,0,3,30,4,6639,24.11,New,16.881
SAH058,Sahavazina,0,5,30,5,4208,0,New,4.556
SAH014,Sahavazina,0,2,31,5,4458,489.717,New,4.556
SAH001,Sahavazina,0,4,32,7,2802,0,New,4.556
SAH063,Sahavazina,0,3,40,2,4226,0,New,4.556
AMB032,Zahamena,0,2,1,3,2207,0,Established,8.828
AMB045,Zahamena,0,4,2,2,2309,0,Established,8.828
AMB035,Zahamena,0,6,3,4,2506,28.535,Established,17.226
ANT001,Zahamena,0,3,4,6,1878,22.875,Established,25.327
ANT027,Zahamena,0,6,8,4,2009,0,Established,3.657
ANT028,Zahamena,0,3,11,5,-49,0,Established,3.657
ANT032,Zahamena,0,2,12,2,-66,0,Established,3.657
ANT061,Zahamena,0,4,13,3,1915,64.028,Established,65.427
ANT011,Zahamena,0,3,14,6,1894,0,Established,3.657
AMB029,Zahamena,0,3,20,7,2089,0,Established,8.828
AMB030,Zahamena,0,3,20,9,2083,0,Established,8.828
ANT038,Zahamena,0,4,20,5,1891,22.875,Established,25.327
ANT014,Zahamena,0,3,22,10,1820,0,Established,3.657
ANT049,Zahamena,0,4,22,9,1890,96.516,Established,99.197
ANT010,Zahamena,0,3,25,4,2045,22.875,Established,25.327
AMB015,Zahamena,0,3,26,4,2323,35.197,Established,42.406
ANT020,Zahamena,0,2,33,10,1972,794.363,Established,793.794
AMB002,Zahamena,0,3,38,7,2330,0,Established,8.828
AMB004,Zahamena,0,2,38,9,2382,0,Established,8.828
AMB005,Zahamena,0,2,38,8,2485,0,Established,8.828
ANT033,Zahamena,0,6,40,4,-57,0,Established,3.657
AMB028,Zahamena,0,4,43,7,2071,0,Established,8.828
AMP009,Ampahitra,1,,1,3,-2476,NA,New,NA
AMP125,Ampahitra,1,,1,2,76,NA,New,NA
AMP088,Ampahitra,1,,2,3,2550,NA,New,NA
AMP129,Ampahitra,1,,2,3,-35,NA,New,NA
AMP135,Ampahitra,1,,2,4,-1592,NA,New,NA
AMP139,Ampahitra,1,,2,5,-19,NA,New,NA
AMP027,Ampahitra,1,,3,3,-1014,NA,New,NA
AMP047,Ampahitra,1,,3,4,515,NA,New,NA
AMP082,Ampahitra,1,,3,3,4939,NA,New,NA
AMP127,Ampahitra,1,,3,3,74,NA,New,NA
AMP147,Ampahitra,1,,3,3,169,NA,New,NA
AMP012,Ampahitra,1,,4,3,-696,NA,New,NA
AMP054,Ampahitra,1,,4,5,111,NA,New,NA
AMP074,Ampahitra,1,,4,4,1497,NA,New,NA
AMP087,Ampahitra,1,,4,3,3255,NA,New,NA
AMP098,Ampahitra,1,,4,4,1855,NA,New,NA
AMP143,Ampahitra,1,,4,4,73,NA,New,NA
AMP032,Ampahitra,1,,6,4,-79,NA,New,NA
AMP044,Ampahitra,1,,6,4,-181,NA,New,NA
AMP075,Ampahitra,1,,7,3,1502,NA,New,NA
AMP105,Ampahitra,1,,7,3,373,NA,New,NA
AMP110,Ampahitra,1,,7,3,381,NA,New,NA
AMP008,Ampahitra,1,,8,10,-2357,NA,New,NA
AMP137,Ampahitra,1,,8,4,63,NA,New,NA
AMP168,Ampahitra,1,,8,6,2350,NA,New,NA
AMP071,Ampahitra,1,,9,4,1696,NA,New,NA
AMP084,Ampahitra,1,,9,5,2464,NA,New,NA
AMP050,Ampahitra,1,,10,6,-46,NA,New,NA
AMP058,Ampahitra,1,,10,7,84,NA,New,NA
AMP072,Ampahitra,1,,10,4,1842,NA,New,NA
AMP101,Ampahitra,1,,10,6,2252,NA,New,NA
AMP103,Ampahitra,1,,10,7,2424,NA,New,NA
AMP128,Ampahitra,1,,10,7,921,NA,New,NA
AMP100,Ampahitra,1,,11,6,2424,NA,New,NA
AMP141,Ampahitra,1,,11,4,95,NA,New,NA
AMP079,Ampahitra,1,,12,8,2424,NA,New,NA
AMP113,Ampahitra,1,,12,5,319,NA,New,NA
AMP144,Ampahitra,1,,12,8,-75,NA,New,NA
AMP006,Ampahitra,1,,13,17,-1603,NA,New,NA
AMP095,Ampahitra,1,,13,7,2424,NA,New,NA
AMP118,Ampahitra,1,,13,7,407,NA,New,NA
AMP138,Ampahitra,1,,13,6,127,NA,New,NA
AMP076,Ampahitra,1,,14,6,2424,NA,New,NA
AMP123,Ampahitra,1,,14,6,1892,NA,New,NA
AMP065,Ampahitra,1,,15,10,3209,NA,New,NA
AMP066,Ampahitra,1,,15,6,1673,NA,New,NA
AMP119,Ampahitra,1,,15,8,1276,NA,New,NA
AMP145,Ampahitra,1,,15,7,-101,NA,New,NA
AMP093,Ampahitra,1,,17,9,2878,NA,New,NA
AMP146,Ampahitra,1,,17,6,108,NA,New,NA
AMP097,Ampahitra,1,,18,4,661,NA,New,NA
AMP083,Ampahitra,1,,19,9,4728,NA,New,NA
AMP094,Ampahitra,1,,20,11,3090,NA,New,NA
AMP114,Ampahitra,1,,20,2,1277,NA,New,NA
AMP085,Ampahitra,1,,25,8,2388,NA,New,NA
AMP116,Ampahitra,1,,26,10,364,NA,New,NA
AMP124,Ampahitra,1,,30,5,1244,NA,New,NA
AMP061,Ampahitra,1,,34,6,2481,NA,New,NA
AMP122,Ampahitra,1,,41,11,1424,NA,New,NA
AMP062,Ampahitra,1,,45,5,2555,NA,New,NA
AMF033,Amporoforo,1,,1,2,18533,NA,NA,NA
AMF007,Amporoforo,1,,2,3,16693,NA,NA,NA
AMF031,Amporoforo,1,,2,3,18565,NA,NA,NA
AMF009,Amporoforo,1,,4,3,16750,NA,NA,NA
AMF018,Amporoforo,1,,4,3,16826,NA,NA,NA
AMF038,Amporoforo,1,,4,3,18639,NA,NA,NA
AMF049,Amporoforo,1,,4,3,18514,NA,NA,NA
AMF023,Amporoforo,1,,6,6,16788,NA,NA,NA
AMF036,Amporoforo,1,,7,4,18516,NA,NA,NA
AMF037,Amporoforo,1,,7,6,18506,NA,NA,NA
AMF013,Amporoforo,1,,11,3,16752,NA,NA,NA
AMF030,Amporoforo,1,,12,5,18494,NA,NA,NA
AMF017,Amporoforo,1,,14,7,16768,NA,NA,NA
AMF011,Amporoforo,1,,16,7,16821,NA,NA,NA
AMF001,Amporoforo,1,,17,8,16819,NA,NA,NA
AMF029,Amporoforo,1,,18,8,18523,NA,NA,NA
AMF043,Amporoforo,1,,18,11,18512,NA,NA,NA
AMF042,Amporoforo,1,,20,8,18535,NA,NA,NA
AMF044,Amporoforo,1,,20,4,18545,NA,NA,NA
AMF045,Amporoforo,1,,20,8,18528,NA,NA,NA
AMF046,Amporoforo,1,,20,8,18510,NA,NA,NA
AMF012,Amporoforo,1,,24,9,16843,NA,NA,NA
AMF005,Amporoforo,1,,25,4,16742,NA,NA,NA
AMF019,Amporoforo,1,,25,2,16858,NA,NA,NA
AMF024,Amporoforo,1,,27,4,16808,NA,NA,NA
AMF002,Amporoforo,1,,30,6,16821,NA,NA,NA
AMF020,Amporoforo,1,,30,2,16780,NA,NA,NA
AMF025,Amporoforo,1,,30,2,18536,NA,NA,NA
AMF035,Amporoforo,1,,30,6,18532,NA,NA,NA
AMF040,Amporoforo,1,,30,3,18533,NA,NA,NA
AMF047,Amporoforo,1,,30,5,18508,NA,NA,NA
AMF026,Amporoforo,1,,36,7,18526,NA,NA,NA
AMF028,Amporoforo,1,,37,7,18510,NA,NA,NA
AMF003,Amporoforo,1,,40,1,16815,NA,NA,NA
AMF008,Amporoforo,1,,40,3,16756,NA,NA,NA
AMF016,Amporoforo,1,,40,6,16715,NA,NA,NA
AMF004,Amporoforo,1,,44,6,16768,NA,NA,NA
AMF034,Amporoforo,1,,45,4,18506,NA,NA,NA
VBA002,Mantadia,1,,-100,1,-18,NA,Established,NA
VBA019,Mantadia,1,,-100,1,2149,NA,Established,NA
VVE013,Mantadia,1,,-100,2,1179,NA,Established,NA
VBA008,Mantadia,1,,1,2,-87,NA,Established,NA
VBA039,Mantadia,1,,1,3,18,NA,Established,NA
VBA042,Mantadia,1,,1,3,5,NA,Established,NA
VBA057,Mantadia,1,,1,3,2121,NA,Established,NA
VVE010,Mantadia,1,,1,3,1346,NA,Established,NA
VVE014,Mantadia,1,,1,8,1528,NA,Established,NA
VVE035,Mantadia,1,,1,2,1879,NA,Established,NA
VBA021,Mantadia,1,,2,3,-51,NA,Established,NA
VBA034,Mantadia,1,,2,3,3943,NA,Established,NA
VBA004,Mantadia,1,,3,5,-562,NA,Established,NA
VVE012,Mantadia,1,,3,4,1378,NA,Established,NA
VVE015,Mantadia,1,,3,3,1453,NA,Established,NA
VVE019,Mantadia,1,,3,4,1364,NA,Established,NA
VVE024,Mantadia,1,,3,3,3048,NA,Established,NA
VVE038,Mantadia,1,,3,4,1332,NA,Established,NA
VVE045,Mantadia,1,,3,2,831,NA,Established,NA
VBA027,Mantadia,1,,4,4,-558,NA,Established,NA
VBA028,Mantadia,1,,4,7,146,NA,Established,NA
VBA031,Mantadia,1,,4,4,4157,NA,Established,NA
VBA032,Mantadia,1,,4,3,4096,NA,Established,NA
VBA033,Mantadia,1,,4,6,3973,NA,Established,NA
VBA046,Mantadia,1,,4,3,3973,NA,Established,NA
VVE029,Mantadia,1,,4,1,1387,NA,Established,NA
VBA044,Mantadia,1,,5,5,85,NA,Established,NA
VBA052,Mantadia,1,,5,4,3973,NA,Established,NA
VVE042,Mantadia,1,,5,4,1367,NA,Established,NA
VBA020,Mantadia,1,,6,5,2167,NA,Established,NA
VBA045,Mantadia,1,,6,5,3973,NA,Established,NA
VBA047,Mantadia,1,,6,7,3289,NA,Established,NA
VVE004,Mantadia,1,,6,7,2452,NA,Established,NA
VBA006,Mantadia,1,,7,5,-13,NA,Established,NA
VBA016,Mantadia,1,,7,5,2144,NA,Established,NA
VVE001,Mantadia,1,,7,10,2518,NA,Established,NA
VVE033,Mantadia,1,,7,5,2361,NA,Established,NA
VBA017,Mantadia,1,,8,7,2104,NA,Established,NA
VBA040,Mantadia,1,,8,3,248,NA,Established,NA
VBA050,Mantadia,1,,8,6,3973,NA,Established,NA
VBA054,Mantadia,1,,8,9,3973,NA,Established,NA
VBA010,Mantadia,1,,9,6,-507,NA,Established,NA
VBA012,Mantadia,1,,9,6,-85,NA,Established,NA
VBA025,Mantadia,1,,9,6,-866,NA,Established,NA
VBA001,Mantadia,1,,10,6,198,NA,Established,NA
VBA015,Mantadia,1,,10,6,2070,NA,Established,NA
VBA024,Mantadia,1,,10,5,-122,NA,Established,NA
VBA037,Mantadia,1,,10,6,33,NA,Established,NA
VBA049,Mantadia,1,,10,7,3323,NA,Established,NA
VVE007,Mantadia,1,,10,11,3343,NA,Established,NA
VVE016,Mantadia,1,,10,5,1465,NA,Established,NA
VVE037,Mantadia,1,,10,8,1336,NA,Established,NA
VVE003,Mantadia,1,,11,8,2951,NA,Established,NA
VBA014,Mantadia,1,,12,5,3289,NA,Established,NA
VBA056,Mantadia,1,,12,5,3973,NA,Established,NA
VVE008,Mantadia,1,,13,6,3285,NA,Established,NA
VVE041,Mantadia,1,,13,7,1367,NA,Established,NA
VBA005,Mantadia,1,,15,7,-293,NA,Established,NA
VVE027,Mantadia,1,,15,3,495,NA,Established,NA
VVE046,Mantadia,1,,15,9,754,NA,Established,NA
VBA023,Mantadia,1,,16,7,-248,NA,Established,NA
VBA011,Mantadia,1,,18,3,-452,NA,Established,NA
VVE036,Mantadia,1,,19,8,1942,NA,Established,NA
VBA003,Mantadia,1,,20,5,41,NA,Established,NA
VBA030,Mantadia,1,,20,3,3323,NA,Established,NA
VBA035,Mantadia,1,,20,7,3973,NA,Established,NA
VBA038,Mantadia,1,,20,5,87,NA,Established,NA
VBA051,Mantadia,1,,20,7,3973,NA,Established,NA
VVE017,Mantadia,1,,20,4,1459,NA,Established,NA
VVE043,Mantadia,1,,20,8,1367,NA,Established,NA
VBA013,Mantadia,1,,21,11,3775,NA,Established,NA
VVE034,Mantadia,1,,22,4,1367,NA,Established,NA
VBA053,Mantadia,1,,23,10,3973,NA,Established,NA
VBA055,Mantadia,1,,23,8,3973,NA,Established,NA
VVE044,Mantadia,1,,23,6,1962,NA,Established,NA
VBA018,Mantadia,1,,25,8,3465,NA,Established,NA
VVE026,Mantadia,1,,26,6,1420,NA,Established,NA
VVE032,Mantadia,1,,26,6,1367,NA,Established,NA
VBA026,Mantadia,1,,28,9,-78,NA,Established,NA
VVE002,Mantadia,1,,28,4,2914,NA,Established,NA
VBA009,Mantadia,1,,30,13,-5,NA,Established,NA
VBA041,Mantadia,1,,30,4,33,NA,Established,NA
VBA043,Mantadia,1,,30,5,78,NA,Established,NA
VVE020,Mantadia,1,,32,6,2279,NA,Established,NA
VVE040,Mantadia,1,,32,3,1367,NA,Established,NA
VVE018,Mantadia,1,,34,3,2427,NA,Established,NA
VVE022,Mantadia,1,,34,3,1328,NA,Established,NA
VVE028,Mantadia,1,,36,3,1465,NA,Established,NA
VBA036,Mantadia,1,,38,5,2141,NA,Established,NA
VVE030,Mantadia,1,,38,11,1353,NA,Established,NA
VVE025,Mantadia,1,,39,5,31,NA,Established,NA
VVE039,Mantadia,1,,40,3,1326,NA,Established,NA
VBA048,Mantadia,1,,41,3,3323,NA,Established,NA
VBA007,Mantadia,1,,43,6,-201,NA,Established,NA
VBA022,Mantadia,1,,44,7,-33,NA,Established,NA
VVE009,Mantadia,1,,45,3,1379,NA,Established,NA
VVE031,Mantadia,1,,46,2,1935,NA,Established,NA
VBA029,Mantadia,1,,50,1,3703,NA,Established,NA
VVE023,Mantadia,1,,50,11,4444,NA,Established,NA
SAH038,Sahavazina,1,,1,3,6597,NA,New,NA
SAH043,Sahavazina,1,,1,3,4217,NA,New,NA
SAH051,Sahavazina,1,,1,6,2814,NA,New,NA
SAH077,Sahavazina,1,,1,4,4464,NA,New,NA
SAH087,Sahavazina,1,,1,2,6342,NA,New,NA
SAH013,Sahavazina,1,,2,3,4218,NA,New,NA
SAH022,Sahavazina,1,,2,3,6632,NA,New,NA
SAH035,Sahavazina,1,,2,4,6633,NA,New,NA
SAH054,Sahavazina,1,,3,4,4958,NA,New,NA
SAH023,Sahavazina,1,,4,4,6665,NA,New,NA
SAH052,Sahavazina,1,,4,3,2444,NA,New,NA
SAH072,Sahavazina,1,,4,3,4490,NA,New,NA
SAH028,Sahavazina,1,,5,2,6614,NA,New,NA
SAH066,Sahavazina,1,,5,8,4261,NA,New,NA
SAH091,Sahavazina,1,,5,5,7111,NA,New,NA
SAH027,Sahavazina,1,,6,2,6620,NA,New,NA
SAH037,Sahavazina,1,,6,6,6610,NA,New,NA
SAH070,Sahavazina,1,,6,5,5211,NA,New,NA
SAH076,Sahavazina,1,,6,7,4501,NA,New,NA
SAH085,Sahavazina,1,,6,6,6339,NA,New,NA
SAH095,Sahavazina,1,,6,4,6345,NA,New,NA
SAH034,Sahavazina,1,,7,4,6608,NA,New,NA
SAH041,Sahavazina,1,,7,3,6649,NA,New,NA
SAH062,Sahavazina,1,,7,5,4257,NA,New,NA
SAH088,Sahavazina,1,,7,3,6343,NA,New,NA
SAH011,Sahavazina,1,,8,7,4453,NA,New,NA
SAH039,Sahavazina,1,,9,6,6654,NA,New,NA
SAH079,Sahavazina,1,,9,6,4489,NA,New,NA
SAH020,Sahavazina,1,,10,6,6620,NA,New,NA
SAH031,Sahavazina,1,,10,4,6636,NA,New,NA
SAH089,Sahavazina,1,,10,6,6327,NA,New,NA
SAH029,Sahavazina,1,,11,2,6608,NA,New,NA
SAH021,Sahavazina,1,,12,6,6616,NA,New,NA
SAH008,Sahavazina,1,,13,6,3076,NA,New,NA
SAH019,Sahavazina,1,,15,7,6641,NA,New,NA
SAH044,Sahavazina,1,,15,10,4262,NA,New,NA
SAH078,Sahavazina,1,,15,6,4460,NA,New,NA
SAH081,Sahavazina,1,,15,9,4493,NA,New,NA
SAH092,Sahavazina,1,,15,7,6351,NA,New,NA
SAH036,Sahavazina,1,,16,5,6627,NA,New,NA
SAH094,Sahavazina,1,,16,10,6367,NA,New,NA
SAH016,Sahavazina,1,,17,7,4458,NA,New,NA
SAH006,Sahavazina,1,,18,2,2811,NA,New,NA
SAH047,Sahavazina,1,,20,10,4259,NA,New,NA
SAH050,Sahavazina,1,,20,12,4204,NA,New,NA
SAH065,Sahavazina,1,,20,9,4258,NA,New,NA
SAH090,Sahavazina,1,,20,4,6340,NA,New,NA
SAH074,Sahavazina,1,,24,4,4482,NA,New,NA
SAH003,Sahavazina,1,,25,4,2813,NA,New,NA
SAH017,Sahavazina,1,,25,2,6633,NA,New,NA
SAH010,Sahavazina,1,,26,4,4771,NA,New,NA
SAH093,Sahavazina,1,,27,11,6346,NA,New,NA
SAH049,Sahavazina,1,,28,5,4242,NA,New,NA
SAH053,Sahavazina,1,,29,8,4574,NA,New,NA
SAH040,Sahavazina,1,,30,5,6622,NA,New,NA
SAH069,Sahavazina,1,,32,2,5363,NA,New,NA
SAH004,Sahavazina,1,,34,10,2380,NA,New,NA
SAH025,Sahavazina,1,,36,7,6642,NA,New,NA
SAH086,Sahavazina,1,,36,4,6352,NA,New,NA
SAH055,Sahavazina,1,,50,1,4164,NA,New,NA
SAH061,Sahavazina,1,,50,10,4239,NA,New,NA
SAH071,Sahavazina,1,,56,5,4472,NA,New,NA
SAH082,Sahavazina,1,,60,5,6355,NA,New,NA
AMB074,Zahamena,1,,-100,8,2037,NA,Established,NA
AMB077,Zahamena,1,,-100,6,2467,NA,Established,NA
AMB087,Zahamena,1,,-100,4,2212,NA,Established,NA
ANT054,Zahamena,1,,-100,9,1884,NA,Established,NA
ANT055,Zahamena,1,,-100,8,1884,NA,Established,NA
ANT059,Zahamena,1,,-100,3,2240,NA,Established,NA
ANT063,Zahamena,1,,-100,5,1854,NA,Established,NA
AMB034,Zahamena,1,,1,3,2403,NA,Established,NA
ANT018,Zahamena,1,,1,2,1880,NA,Established,NA
ANT019,Zahamena,1,,1,4,1913,NA,Established,NA
ANT021,Zahamena,1,,1,4,2049,NA,Established,NA
ANT024,Zahamena,1,,1,3,1892,NA,Established,NA
ANT051,Zahamena,1,,1,5,2038,NA,Established,NA
AMB013,Zahamena,1,,2,6,1998,NA,Established,NA
AMB022,Zahamena,1,,2,7,2717,NA,Established,NA
AMB062,Zahamena,1,,2,4,1534,NA,Established,NA
ANT042,Zahamena,1,,2,2,2235,NA,Established,NA
ANT053,Zahamena,1,,2,4,1855,NA,Established,NA
AMB012,Zahamena,1,,3,4,2048,NA,Established,NA
AMB025,Zahamena,1,,3,3,2494,NA,Established,NA
AMB036,Zahamena,1,,3,7,2475,NA,Established,NA
AMB040,Zahamena,1,,3,8,763,NA,Established,NA
AMB064,Zahamena,1,,3,3,2277,NA,Established,NA
AMB082,Zahamena,1,,3,2,2276,NA,Established,NA
ANT008,Zahamena,1,,3,3,2025,NA,Established,NA
ANT025,Zahamena,1,,3,6,1892,NA,Established,NA
ANT030,Zahamena,1,,3,6,1839,NA,Established,NA
ANT048,Zahamena,1,,3,8,1995,NA,Established,NA
ANT050,Zahamena,1,,3,4,2007,NA,Established,NA
ANT062,Zahamena,1,,3,3,1923,NA,Established,NA
AMB014,Zahamena,1,,4,5,2088,NA,Established,NA
AMB052,Zahamena,1,,4,4,2384,NA,Established,NA
ANT004,Zahamena,1,,4,5,2060,NA,Established,NA
ANT043,Zahamena,1,,4,4,2135,NA,Established,NA
ANT057,Zahamena,1,,4,5,2003,NA,Established,NA
ANT064,Zahamena,1,,4,3,1886,NA,Established,NA
AMB001,Zahamena,1,,5,2,2456,NA,Established,NA
AMB047,Zahamena,1,,5,3,2318,NA,Established,NA
AMB065,Zahamena,1,,5,3,2294,NA,Established,NA
AMB068,Zahamena,1,,5,5,1975,NA,Established,NA
ANT012,Zahamena,1,,5,4,1894,NA,Established,NA
ANT016,Zahamena,1,,5,4,1820,NA,Established,NA
ANT034,Zahamena,1,,5,7,1939,NA,Established,NA
ANT039,Zahamena,1,,5,3,1847,NA,Established,NA
ANT040,Zahamena,1,,5,3,1898,NA,Established,NA
AMB019,Zahamena,1,,6,8,2252,NA,Established,NA
AMB027,Zahamena,1,,6,4,2098,NA,Established,NA
AMB038,Zahamena,1,,6,4,2493,NA,Established,NA
AMB085,Zahamena,1,,6,5,2287,NA,Established,NA
ANT035,Zahamena,1,,6,5,1928,NA,Established,NA
AMB041,Zahamena,1,,7,2,2256,NA,Established,NA
AMB059,Zahamena,1,,7,4,2270,NA,Established,NA
AMB072,Zahamena,1,,7,5,1977,NA,Established,NA
AMB083,Zahamena,1,,7,6,2347,NA,Established,NA
AMB088,Zahamena,1,,7,6,2295,NA,Established,NA
AMB007,Zahamena,1,,8,4,2429,NA,Established,NA
AMB008,Zahamena,1,,8,6,2498,NA,Established,NA
AMB057,Zahamena,1,,8,6,2255,NA,Established,NA
AMB079,Zahamena,1,,8,5,2429,NA,Established,NA
AMB051,Zahamena,1,,9,8,2019,NA,Established,NA
AMB067,Zahamena,1,,9,6,2500,NA,Established,NA
ANT006,Zahamena,1,,9,3,1841,NA,Established,NA
AMB020,Zahamena,1,,10,3,2294,NA,Established,NA
AMB021,Zahamena,1,,10,8,2358,NA,Established,NA
AMB046,Zahamena,1,,10,7,2293,NA,Established,NA
AMB070,Zahamena,1,,10,5,2451,NA,Established,NA
AMB078,Zahamena,1,,10,5,2486,NA,Established,NA
ANT044,Zahamena,1,,10,7,1820,NA,Established,NA
AMB073,Zahamena,1,,11,8,2048,NA,Established,NA
AMB043,Zahamena,1,,12,6,2260,NA,Established,NA
AMB050,Zahamena,1,,12,5,2025,NA,Established,NA
AMB003,Zahamena,1,,13,7,2418,NA,Established,NA
AMB010,Zahamena,1,,13,6,2262,NA,Established,NA
AMB011,Zahamena,1,,13,9,2324,NA,Established,NA
ANT046,Zahamena,1,,13,8,1894,NA,Established,NA
ANT058,Zahamena,1,,13,1,1929,NA,Established,NA
ANT060,Zahamena,1,,13,5,2126,NA,Established,NA
AMB006,Zahamena,1,,14,7,2401,NA,Established,NA
AMB053,Zahamena,1,,14,9,2503,NA,Established,NA
AMB056,Zahamena,1,,14,8,2481,NA,Established,NA
AMB060,Zahamena,1,,14,8,2294,NA,Established,NA
AMB086,Zahamena,1,,14,8,2228,NA,Established,NA
ANT005,Zahamena,1,,14,6,1840,NA,Established,NA
ANT009,Zahamena,1,,14,6,2010,NA,Established,NA
ANT022,Zahamena,1,,14,5,2055,NA,Established,NA
ANT029,Zahamena,1,,14,5,1884,NA,Established,NA
AMB018,Zahamena,1,,16,7,2328,NA,Established,NA
AMB044,Zahamena,1,,16,10,2276,NA,Established,NA
AMB080,Zahamena,1,,16,6,2328,NA,Established,NA
ANT013,Zahamena,1,,16,3,1898,NA,Established,NA
AMB055,Zahamena,1,,17,5,2499,NA,Established,NA
ANT037,Zahamena,1,,19,7,1925,NA,Established,NA
AMB042,Zahamena,1,,20,7,2203,NA,Established,NA
ANT026,Zahamena,1,,20,8,1953,NA,Established,NA
ANT031,Zahamena,1,,20,6,-63,NA,Established,NA
ANT041,Zahamena,1,,20,12,1848,NA,Established,NA
AMB076,Zahamena,1,,21,8,2332,NA,Established,NA
AMB066,Zahamena,1,,22,8,2324,NA,Established,NA
ANT056,Zahamena,1,,23,10,2218,NA,Established,NA
AMB023,Zahamena,1,,25,7,2351,NA,Established,NA
AMB061,Zahamena,1,,25,4,2477,NA,Established,NA
AMB081,Zahamena,1,,25,10,2269,NA,Established,NA
ANT003,Zahamena,1,,25,5,2048,NA,Established,NA
ANT045,Zahamena,1,,25,10,1892,NA,Established,NA
AMB069,Zahamena,1,,27,8,2488,NA,Established,NA
ANT047,Zahamena,1,,27,10,1894,NA,Established,NA
AMB026,Zahamena,1,,28,9,2006,NA,Established,NA
ANT017,Zahamena,1,,30,7,1923,NA,Established,NA
ANT052,Zahamena,1,,30,7,2048,NA,Established,NA
AMB016,Zahamena,1,,31,8,2315,NA,Established,NA
AMB084,Zahamena,1,,32,10,2298,NA,Established,NA
AMB037,Zahamena,1,,35,7,2433,NA,Established,NA
AMB048,Zahamena,1,,35,6,2408,NA,Established,NA
ANT007,Zahamena,1,,36,7,1863,NA,Established,NA
AMB024,Zahamena,1,,39,3,2250,NA,Established,NA
AMB049,Zahamena,1,,40,3,2051,NA,Established,NA
AMB058,Zahamena,1,,40,4,2297,NA,Established,NA
AMB071,Zahamena,1,,40,8,2504,NA,Established,NA
AMB075,Zahamena,1,,40,3,2126,NA,Established,NA
AMB054,Zahamena,1,,42,7,2494,NA,Established,NA
ANT036,Zahamena,1,,42,10,1987,NA,Established,NA
AMB063,Zahamena,1,,43,6,2353,NA,Established,NA
ANT015,Zahamena,1,,43,4,1776,NA,Established,NA
AMB031,Zahamena,1,,44,8,2269,NA,Established,NA
AMB009,Zahamena,1,,49,5,2315,NA,Established,NA
ANT023,Zahamena,1,,50,3,1890,NA,Established,NA
AMB017,Zahamena,1,,52,4,2313,NA,Established,NA
AMB033,Zahamena,1,,60,1,2458,NA,Established,NA
AMB039,Zahamena,1,,60,7,910,NA,Established,NA
ANT002,Zahamena,1,,NA,3,2012,NA,Established,NA
